{
    "$schema": "https://schema.management.azure.com/schemas/2015-01-01/deploymentParameters.json#",
    "contentVersion": "1.0.0.0",
    "parameters": {
        "name": {
            "value": {
                "type": "String",
                "value": "traf-testmk"
            }
        },
        "relativeName": {
            "value": {
                "type": "String",
                "value": "traf-testmk"
            }
        },
        "trafficRoutingMethod": {
            "value": {
                "type": "String",
                "value": "Priority"
            }
        },
        "maxReturn": {
            "value": {
                "type": "Int",
                "value": 0
            }
        }
    }
}