{
    "$schema": "http://schema.management.azure.com/schemas/2015-01-01/deploymentTemplate.json#",
    "contentVersion": "1.0.0.0",
    "parameters": {
        "location": {
            "type": "String"
        },
        "resourceGroup": {
            "type": "String"
        },
        "bastionHostName": {
            "type": "String"
        },
        "subnetId": {
            "type": "String"
        },
        "bastionHostSku": {
            "type": "String"
        },
        "bastionHostScaleUnits": {
            "type": "Int"
        },
        "enableIpConnect": {
            "type": "Bool"
        },
        "enableTunneling": {
            "type": "Bool"
        },
        "enableShareableLink": {
            "type": "Bool"
        },
        "enableKerberos": {
            "type": "Bool"
        },
        "disableCopyPaste": {
            "type": "Bool"
        },
        "enableSessionRecording": {
            "type": "Bool"
        },
        "enablePrivateOnlyBastion": {
            "type": "Bool"
        },
        "zones": {
            "type": "Array"
        },
        "publicIpZones": {
            "type": "Array"
        },
        "publicIpAddressName": {
            "type": "String"
        }
    },
    "resources": [
        {
            "type": "Microsoft.Network/publicIpAddresses",
            "apiVersion": "2020-08-01",
            "name": "[parameters('publicIpAddressName')]",
            "location": "[parameters('location')]",
            "tags": {},
            "sku": {
                "name": "Standard"
            },
            "zones": "[parameters('publicIpZones')]",
            "properties": {
                "publicIPAllocationMethod": "Static"
            }
        },
        {
            "type": "Microsoft.Network/bastionHosts",
            "apiVersion": "2023-09-01",
            "name": "[parameters('bastionHostName')]",
            "location": "[parameters('location')]",
            "dependsOn": [
                "[resourceId(parameters('resourceGroup'), 'Microsoft.Network/publicIpAddresses', parameters('publicIpAddressName'))]"
            ],
            "tags": {},
            "sku": {
                "name": "[parameters('bastionHostSku')]"
            },
            "zones": "[parameters('zones')]",
            "properties": {
                "enableIpConnect": "[parameters('enableIpConnect')]",
                "enableTunneling": "[parameters('enableTunneling')]",
                "enableShareableLink": "[parameters('enableShareableLink')]",
                "enableKerberos": "[parameters('enableKerberos')]",
                "disableCopyPaste": "[parameters('disableCopyPaste')]",
                "enableSessionRecording": "[parameters('enableSessionRecording')]",
                "ipConfigurations": [
                    {
                        "name": "IpConf",
                        "properties": {
                            "subnet": {
                                "id": "[parameters('subnetId')]"
                            },
                            "publicIPAddress": {
                                "id": "[resourceId(parameters('resourceGroup'), 'Microsoft.Network/publicIpAddresses', parameters('publicIpAddressName'))]"
                            }
                        }
                    }
                ],
                "scaleUnits": "[parameters('bastionHostScaleUnits')]",
                "enablePrivateOnlyBastion": "[parameters('enablePrivateOnlyBastion')]"
            }
        }
    ]
}