{
    "$schema": "https://schema.management.azure.com/schemas/2015-01-01/deploymentParameters.json#",
    "contentVersion": "1.0.0.0",
    "parameters": {
        "virtualNetworks_vnet_03_name": {
            "value": null
        },
        "dnszones_testdnsmk_local_name": {
            "value": null
        },
        "virtualMachines_test_vm03_name": {
            "value": null
        },
        "networkInterfaces_test_vm03836_name": {
            "value": null
        },
        "publicIPAddresses_pip_test_vm03_name": {
            "value": null
        },
        "publicIPAddresses_pip_vgw_euro01_name": {
            "value": null
        },
        "publicIPAddresses_pip_test_euro01_name": {
            "value": null
        },
        "networkSecurityGroups_test_vm03_nsg_name": {
            "value": null
        },
        "trafficManagerProfiles_traf_testmk02_name": {
            "value": null
        },
        "virtualNetworkGateways_vgw_test_euro_name": {
            "value": null
        },
        "trafficmanagerprofiles_traf_testmk_externalid": {
            "value": null
        }
    }
}