{
    "$schema": "https://schema.management.azure.com/schemas/2015-01-01/deploymentParameters.json#",
    "contentVersion": "1.0.0.0",
    "parameters": {
        "extensions_IaaSAntimalware_Paths": {
            "value": null
        },
        "extensions_IaaSAntimalware_Extensions": {
            "value": null
        },
        "extensions_IaaSAntimalware_Processes": {
            "value": null
        },
        "connections_cn_euTous_name": {
            "value": null
        },
        "connections_cn_usToeu_name": {
            "value": null
        },
        "bastionHosts_vm_bastion_name": {
            "value": null
        },
        "virtualNetworks_vnet_01_name": {
            "value": null
        },
        "virtualNetworks_vnet_02_name": {
            "value": null
        },
        "virtualMachines_test_vm01_name": {
            "value": null
        },
        "virtualMachines_vm_test02_name": {
            "value": null
        },
        "virtualMachines_vm_bastion_name": {
            "value": null
        },
        "publicIPAddresses_vnet_01_ip_name": {
            "value": null
        },
        "networkInterfaces_test_vm0179_name": {
            "value": null
        },
        "networkInterfaces_vm_test02447_name": {
            "value": null
        },
        "networkInterfaces_vm_bastion234_name": {
            "value": null
        },
        "publicIPAddresses_pip_test_vm01_name": {
            "value": null
        },
        "publicIPAddresses_pip_vm_test02_name": {
            "value": null
        },
        "privateDnsZones_privatedns_local_name": {
            "value": null
        },
        "publicIPAddresses_pip_vgw_test01_name": {
            "value": null
        },
        "publicIPAddresses_pip_vgw_eastus01_name": {
            "value": null
        },
        "trafficManagerProfiles_traf_testmk_name": {
            "value": null
        },
        "networkSecurityGroups_test_vm01_nsg_name": {
            "value": null
        },
        "networkSecurityGroups_vm_test02_nsg_name": {
            "value": null
        },
        "virtualNetworkGateways_vgw_test_eastus2_name": {
            "value": null
        },
        "virtualNetworkGateways_vgw_test_euro_externalid": {
            "value": null
        },
        "virtualNetworks_vnet_03_externalid": {
            "value": null
        }
    }
}