{
    "$schema": "https://schema.management.azure.com/schemas/2019-04-01/deploymentTemplate.json#",
    "contentVersion": "1.0.0.0",
    "parameters": {
        "extensions_IaaSAntimalware_Paths": {
            "type": "SecureString"
        },
        "extensions_IaaSAntimalware_Extensions": {
            "type": "SecureString"
        },
        "extensions_IaaSAntimalware_Processes": {
            "type": "SecureString"
        },
        "connections_cn_euTous_name": {
            "defaultValue": "cn-euTous",
            "type": "String"
        },
        "connections_cn_usToeu_name": {
            "defaultValue": "cn-usToeu",
            "type": "String"
        },
        "bastionHosts_vm_bastion_name": {
            "defaultValue": "vm-bastion",
            "type": "String"
        },
        "virtualNetworks_vnet_01_name": {
            "defaultValue": "vnet-01",
            "type": "String"
        },
        "virtualNetworks_vnet_02_name": {
            "defaultValue": "vnet-02",
            "type": "String"
        },
        "virtualMachines_test_vm01_name": {
            "defaultValue": "test-vm01",
            "type": "String"
        },
        "virtualMachines_vm_test02_name": {
            "defaultValue": "vm-test02",
            "type": "String"
        },
        "virtualMachines_vm_bastion_name": {
            "defaultValue": "vm-bastion",
            "type": "String"
        },
        "publicIPAddresses_vnet_01_ip_name": {
            "defaultValue": "vnet-01-ip",
            "type": "String"
        },
        "networkInterfaces_test_vm0179_name": {
            "defaultValue": "test-vm0179",
            "type": "String"
        },
        "networkInterfaces_vm_test02447_name": {
            "defaultValue": "vm-test02447",
            "type": "String"
        },
        "networkInterfaces_vm_bastion234_name": {
            "defaultValue": "vm-bastion234",
            "type": "String"
        },
        "publicIPAddresses_pip_test_vm01_name": {
            "defaultValue": "pip-test-vm01",
            "type": "String"
        },
        "publicIPAddresses_pip_vm_test02_name": {
            "defaultValue": "pip-vm-test02",
            "type": "String"
        },
        "privateDnsZones_privatedns_local_name": {
            "defaultValue": "privatedns.local",
            "type": "String"
        },
        "publicIPAddresses_pip_vgw_test01_name": {
            "defaultValue": "pip-vgw-test01",
            "type": "String"
        },
        "publicIPAddresses_pip_vgw_eastus01_name": {
            "defaultValue": "pip-vgw-eastus01",
            "type": "String"
        },
        "trafficManagerProfiles_traf_testmk_name": {
            "defaultValue": "traf-testmk",
            "type": "String"
        },
        "networkSecurityGroups_test_vm01_nsg_name": {
            "defaultValue": "test-vm01-nsg",
            "type": "String"
        },
        "networkSecurityGroups_vm_test02_nsg_name": {
            "defaultValue": "vm-test02-nsg",
            "type": "String"
        },
        "virtualNetworkGateways_vgw_test_eastus2_name": {
            "defaultValue": "vgw-test-eastus2",
            "type": "String"
        },
        "virtualNetworkGateways_vgw_test_euro_externalid": {
            "defaultValue": "/subscriptions/b560586a-65a7-4ad6-9301-a7ae749b0155/resourceGroups/rg-new-resource/providers/Microsoft.Network/virtualNetworkGateways/vgw-test-euro",
            "type": "String"
        },
        "virtualNetworks_vnet_03_externalid": {
            "defaultValue": "/subscriptions/b560586a-65a7-4ad6-9301-a7ae749b0155/resourceGroups/rg-new-resource/providers/Microsoft.Network/virtualNetworks/vnet-03",
            "type": "String"
        }
    },
    "variables": {},
    "resources": [
        {
            "type": "Microsoft.Network/networkSecurityGroups",
            "apiVersion": "2024-07-01",
            "name": "[parameters('networkSecurityGroups_test_vm01_nsg_name')]",
            "location": "koreacentral",
            "properties": {
                "securityRules": [
                    {
                        "name": "HTTP",
                        "id": "[resourceId('Microsoft.Network/networkSecurityGroups/securityRules', parameters('networkSecurityGroups_test_vm01_nsg_name'), 'HTTP')]",
                        "type": "Microsoft.Network/networkSecurityGroups/securityRules",
                        "properties": {
                            "protocol": "TCP",
                            "sourcePortRange": "*",
                            "destinationPortRange": "80",
                            "destinationAddressPrefix": "172.16.1.4",
                            "access": "Allow",
                            "priority": 320,
                            "direction": "Inbound",
                            "sourcePortRanges": [],
                            "destinationPortRanges": [],
                            "sourceAddressPrefixes": [
                                "1.223.214.165",
                                "20.249.114.19",
                                "172.205.96.113",
                                "68.220.242.160"
                            ],
                            "destinationAddressPrefixes": []
                        }
                    },
                    {
                        "name": "HTTPS",
                        "id": "[resourceId('Microsoft.Network/networkSecurityGroups/securityRules', parameters('networkSecurityGroups_test_vm01_nsg_name'), 'HTTPS')]",
                        "type": "Microsoft.Network/networkSecurityGroups/securityRules",
                        "properties": {
                            "protocol": "TCP",
                            "sourcePortRange": "*",
                            "destinationPortRange": "443",
                            "destinationAddressPrefix": "172.16.1.4",
                            "access": "Allow",
                            "priority": 340,
                            "direction": "Inbound",
                            "sourcePortRanges": [],
                            "destinationPortRanges": [],
                            "sourceAddressPrefixes": [
                                "1.223.214.165",
                                "20.249.114.19",
                                "172.205.96.113",
                                "68.220.242.160"
                            ],
                            "destinationAddressPrefixes": []
                        }
                    }
                ]
            }
        },
        {
            "type": "Microsoft.Network/networkSecurityGroups",
            "apiVersion": "2024-07-01",
            "name": "[parameters('networkSecurityGroups_vm_test02_nsg_name')]",
            "location": "eastus2",
            "properties": {
                "securityRules": [
                    {
                        "name": "HTTP",
                        "id": "[resourceId('Microsoft.Network/networkSecurityGroups/securityRules', parameters('networkSecurityGroups_vm_test02_nsg_name'), 'HTTP')]",
                        "type": "Microsoft.Network/networkSecurityGroups/securityRules",
                        "properties": {
                            "protocol": "TCP",
                            "sourcePortRange": "*",
                            "destinationPortRange": "80",
                            "destinationAddressPrefix": "10.16.2.4",
                            "access": "Allow",
                            "priority": 320,
                            "direction": "Inbound",
                            "sourcePortRanges": [],
                            "destinationPortRanges": [],
                            "sourceAddressPrefixes": [
                                "1.223.214.165",
                                "20.249.114.19",
                                "172.205.96.113",
                                "68.220.242.160"
                            ],
                            "destinationAddressPrefixes": []
                        }
                    },
                    {
                        "name": "HTTPS",
                        "id": "[resourceId('Microsoft.Network/networkSecurityGroups/securityRules', parameters('networkSecurityGroups_vm_test02_nsg_name'), 'HTTPS')]",
                        "type": "Microsoft.Network/networkSecurityGroups/securityRules",
                        "properties": {
                            "protocol": "TCP",
                            "sourcePortRange": "*",
                            "destinationPortRange": "443",
                            "destinationAddressPrefix": "10.16.2.4",
                            "access": "Allow",
                            "priority": 340,
                            "direction": "Inbound",
                            "sourcePortRanges": [],
                            "destinationPortRanges": [],
                            "sourceAddressPrefixes": [
                                "1.223.214.165",
                                "20.249.114.19",
                                "172.205.96.113",
                                "68.220.242.160"
                            ],
                            "destinationAddressPrefixes": []
                        }
                    }
                ]
            }
        },
        {
            "type": "Microsoft.Network/privateDnsZones",
            "apiVersion": "2024-06-01",
            "name": "[parameters('privateDnsZones_privatedns_local_name')]",
            "location": "global",
            "properties": {}
        },
        {
            "type": "Microsoft.Network/publicIPAddresses",
            "apiVersion": "2024-07-01",
            "name": "[parameters('publicIPAddresses_pip_test_vm01_name')]",
            "location": "koreacentral",
            "sku": {
                "name": "Standard",
                "tier": "Regional"
            },
            "zones": [
                "1",
                "2",
                "3"
            ],
            "properties": {
                "ipAddress": "20.249.114.19",
                "publicIPAddressVersion": "IPv4",
                "publicIPAllocationMethod": "Static",
                "idleTimeoutInMinutes": 4,
                "dnsSettings": {
                    "domainNameLabel": "testmk01",
                    "fqdn": "testmk01.koreacentral.cloudapp.azure.com"
                },
                "ipTags": [],
                "ddosSettings": {
                    "protectionMode": "VirtualNetworkInherited"
                }
            }
        },
        {
            "type": "Microsoft.Network/publicIPAddresses",
            "apiVersion": "2024-07-01",
            "name": "[parameters('publicIPAddresses_pip_vgw_eastus01_name')]",
            "location": "eastus2",
            "sku": {
                "name": "Standard",
                "tier": "Regional"
            },
            "zones": [
                "1",
                "2",
                "3"
            ],
            "properties": {
                "ipAddress": "52.184.212.191",
                "publicIPAddressVersion": "IPv4",
                "publicIPAllocationMethod": "Static",
                "idleTimeoutInMinutes": 4,
                "ipTags": []
            }
        },
        {
            "type": "Microsoft.Network/publicIPAddresses",
            "apiVersion": "2024-07-01",
            "name": "[parameters('publicIPAddresses_pip_vgw_test01_name')]",
            "location": "eastus2",
            "sku": {
                "name": "Standard",
                "tier": "Regional"
            },
            "zones": [
                "1",
                "2",
                "3"
            ],
            "properties": {
                "ipAddress": "68.220.131.23",
                "publicIPAddressVersion": "IPv4",
                "publicIPAllocationMethod": "Static",
                "idleTimeoutInMinutes": 4,
                "ipTags": []
            }
        },
        {
            "type": "Microsoft.Network/publicIPAddresses",
            "apiVersion": "2024-07-01",
            "name": "[parameters('publicIPAddresses_pip_vm_test02_name')]",
            "location": "eastus2",
            "sku": {
                "name": "Standard",
                "tier": "Regional"
            },
            "zones": [
                "1",
                "2",
                "3"
            ],
            "properties": {
                "ipAddress": "68.220.242.160",
                "publicIPAddressVersion": "IPv4",
                "publicIPAllocationMethod": "Static",
                "idleTimeoutInMinutes": 4,
                "dnsSettings": {
                    "domainNameLabel": "testmk02",
                    "fqdn": "testmk02.eastus2.cloudapp.azure.com"
                },
                "ipTags": [],
                "ddosSettings": {
                    "protectionMode": "VirtualNetworkInherited"
                }
            }
        },
        {
            "type": "Microsoft.Network/publicIPAddresses",
            "apiVersion": "2024-07-01",
            "name": "[parameters('publicIPAddresses_vnet_01_ip_name')]",
            "location": "koreacentral",
            "sku": {
                "name": "Standard",
                "tier": "Regional"
            },
            "zones": [
                "2",
                "3",
                "1"
            ],
            "properties": {
                "ipAddress": "20.249.192.12",
                "publicIPAddressVersion": "IPv4",
                "publicIPAllocationMethod": "Static",
                "idleTimeoutInMinutes": 4,
                "ipTags": []
            }
        },
        {
            "type": "Microsoft.Compute/virtualMachines",
            "apiVersion": "2024-11-01",
            "name": "[parameters('virtualMachines_test_vm01_name')]",
            "location": "koreacentral",
            "dependsOn": [
                "[resourceId('Microsoft.Network/networkInterfaces', parameters('networkInterfaces_test_vm0179_name'))]"
            ],
            "properties": {
                "hardwareProfile": {
                    "vmSize": "Standard_D2s_v3"
                },
                "additionalCapabilities": {
                    "hibernationEnabled": false
                },
                "storageProfile": {
                    "imageReference": {
                        "publisher": "MicrosoftWindowsServer",
                        "offer": "WindowsServer",
                        "sku": "2022-datacenter-azure-edition",
                        "version": "latest"
                    },
                    "osDisk": {
                        "osType": "Windows",
                        "name": "[concat(parameters('virtualMachines_test_vm01_name'), '_OsDisk_1_150529111e06454aa992e27747e46e85')]",
                        "createOption": "FromImage",
                        "caching": "ReadWrite",
                        "managedDisk": {
                            "storageAccountType": "Premium_LRS",
                            "id": "[resourceId('Microsoft.Compute/disks', concat(parameters('virtualMachines_test_vm01_name'), '_OsDisk_1_150529111e06454aa992e27747e46e85'))]"
                        },
                        "deleteOption": "Delete",
                        "diskSizeGB": 127
                    },
                    "dataDisks": [],
                    "diskControllerType": "SCSI"
                },
                "osProfile": {
                    "computerName": "[parameters('virtualMachines_test_vm01_name')]",
                    "adminUsername": "mklee",
                    "windowsConfiguration": {
                        "provisionVMAgent": true,
                        "enableAutomaticUpdates": true,
                        "patchSettings": {
                            "patchMode": "AutomaticByOS",
                            "assessmentMode": "ImageDefault",
                            "enableHotpatching": false
                        }
                    },
                    "secrets": [],
                    "allowExtensionOperations": true,
                    "requireGuestProvisionSignal": true
                },
                "securityProfile": {
                    "uefiSettings": {
                        "secureBootEnabled": true,
                        "vTpmEnabled": true
                    },
                    "securityType": "TrustedLaunch"
                },
                "networkProfile": {
                    "networkInterfaces": [
                        {
                            "id": "[resourceId('Microsoft.Network/networkInterfaces', parameters('networkInterfaces_test_vm0179_name'))]",
                            "properties": {
                                "deleteOption": "Delete"
                            }
                        }
                    ]
                },
                "diagnosticsProfile": {
                    "bootDiagnostics": {
                        "enabled": true
                    }
                }
            }
        },
        {
            "type": "Microsoft.Compute/virtualMachines",
            "apiVersion": "2024-11-01",
            "name": "[parameters('virtualMachines_vm_bastion_name')]",
            "location": "koreacentral",
            "dependsOn": [
                "[resourceId('Microsoft.Network/networkInterfaces', parameters('networkInterfaces_vm_bastion234_name'))]"
            ],
            "properties": {
                "hardwareProfile": {
                    "vmSize": "Standard_D2s_v3"
                },
                "additionalCapabilities": {
                    "hibernationEnabled": false
                },
                "storageProfile": {
                    "imageReference": {
                        "publisher": "microsoftwindowsdesktop",
                        "offer": "windows-11",
                        "sku": "win11-24h2-pro",
                        "version": "latest"
                    },
                    "osDisk": {
                        "osType": "Windows",
                        "name": "[concat(parameters('virtualMachines_vm_bastion_name'), '_OsDisk_1_e129e3311d054a42b2e207cb04deb06b')]",
                        "createOption": "FromImage",
                        "caching": "ReadWrite",
                        "managedDisk": {
                            "storageAccountType": "Premium_LRS",
                            "id": "[resourceId('Microsoft.Compute/disks', concat(parameters('virtualMachines_vm_bastion_name'), '_OsDisk_1_e129e3311d054a42b2e207cb04deb06b'))]"
                        },
                        "deleteOption": "Delete",
                        "diskSizeGB": 127
                    },
                    "dataDisks": [],
                    "diskControllerType": "SCSI"
                },
                "osProfile": {
                    "computerName": "[parameters('virtualMachines_vm_bastion_name')]",
                    "adminUsername": "mklee",
                    "windowsConfiguration": {
                        "provisionVMAgent": true,
                        "enableAutomaticUpdates": true,
                        "patchSettings": {
                            "patchMode": "AutomaticByOS",
                            "assessmentMode": "ImageDefault",
                            "enableHotpatching": false
                        }
                    },
                    "secrets": [],
                    "allowExtensionOperations": true,
                    "requireGuestProvisionSignal": true
                },
                "securityProfile": {
                    "uefiSettings": {
                        "secureBootEnabled": true,
                        "vTpmEnabled": true
                    },
                    "securityType": "TrustedLaunch"
                },
                "networkProfile": {
                    "networkInterfaces": [
                        {
                            "id": "[resourceId('Microsoft.Network/networkInterfaces', parameters('networkInterfaces_vm_bastion234_name'))]",
                            "properties": {
                                "deleteOption": "Delete"
                            }
                        }
                    ]
                },
                "diagnosticsProfile": {
                    "bootDiagnostics": {
                        "enabled": true
                    }
                },
                "licenseType": "Windows_Client"
            }
        },
        {
            "type": "Microsoft.Compute/virtualMachines",
            "apiVersion": "2024-11-01",
            "name": "[parameters('virtualMachines_vm_test02_name')]",
            "location": "eastus2",
            "dependsOn": [
                "[resourceId('Microsoft.Network/networkInterfaces', parameters('networkInterfaces_vm_test02447_name'))]"
            ],
            "properties": {
                "hardwareProfile": {
                    "vmSize": "Standard_D2s_v3"
                },
                "additionalCapabilities": {
                    "hibernationEnabled": false
                },
                "storageProfile": {
                    "imageReference": {
                        "publisher": "MicrosoftWindowsServer",
                        "offer": "WindowsServer",
                        "sku": "2022-datacenter-azure-edition",
                        "version": "latest"
                    },
                    "osDisk": {
                        "osType": "Windows",
                        "name": "[concat(parameters('virtualMachines_vm_test02_name'), '_OsDisk_1_f539f6a1e7c14aa390c671190ef5ef2a')]",
                        "createOption": "FromImage",
                        "caching": "ReadWrite",
                        "managedDisk": {
                            "storageAccountType": "Premium_LRS",
                            "id": "[resourceId('Microsoft.Compute/disks', concat(parameters('virtualMachines_vm_test02_name'), '_OsDisk_1_f539f6a1e7c14aa390c671190ef5ef2a'))]"
                        },
                        "deleteOption": "Delete",
                        "diskSizeGB": 127
                    },
                    "dataDisks": [],
                    "diskControllerType": "SCSI"
                },
                "osProfile": {
                    "computerName": "[parameters('virtualMachines_vm_test02_name')]",
                    "adminUsername": "mklee",
                    "windowsConfiguration": {
                        "provisionVMAgent": true,
                        "enableAutomaticUpdates": true,
                        "patchSettings": {
                            "patchMode": "AutomaticByOS",
                            "assessmentMode": "ImageDefault",
                            "enableHotpatching": false
                        }
                    },
                    "secrets": [],
                    "allowExtensionOperations": true,
                    "requireGuestProvisionSignal": true
                },
                "securityProfile": {
                    "uefiSettings": {
                        "secureBootEnabled": true,
                        "vTpmEnabled": true
                    },
                    "securityType": "TrustedLaunch"
                },
                "networkProfile": {
                    "networkInterfaces": [
                        {
                            "id": "[resourceId('Microsoft.Network/networkInterfaces', parameters('networkInterfaces_vm_test02447_name'))]",
                            "properties": {
                                "deleteOption": "Delete"
                            }
                        }
                    ]
                },
                "diagnosticsProfile": {
                    "bootDiagnostics": {
                        "enabled": true
                    }
                }
            }
        },
        {
            "type": "Microsoft.Compute/virtualMachines/extensions",
            "apiVersion": "2024-11-01",
            "name": "[concat(parameters('virtualMachines_vm_bastion_name'), '/IaaSAntimalware')]",
            "location": "koreacentral",
            "dependsOn": [
                "[resourceId('Microsoft.Compute/virtualMachines', parameters('virtualMachines_vm_bastion_name'))]"
            ],
            "properties": {
                "autoUpgradeMinorVersion": true,
                "publisher": "Microsoft.Azure.Security",
                "type": "IaaSAntimalware",
                "typeHandlerVersion": "1.3",
                "settings": {
                    "AntimalwareEnabled": true,
                    "RealtimeProtectionEnabled": "true",
                    "ScheduledScanSettings": {
                        "isEnabled": "false",
                        "day": "7",
                        "time": "120",
                        "scanType": "Quick"
                    },
                    "Exclusions": {
                        "Paths": "[parameters('extensions_IaaSAntimalware_Paths')]",
                        "Extensions": "[parameters('extensions_IaaSAntimalware_Extensions')]",
                        "Processes": "[parameters('extensions_IaaSAntimalware_Processes')]"
                    }
                }
            }
        },
        {
            "type": "Microsoft.Network/connections",
            "apiVersion": "2024-07-01",
            "name": "[parameters('connections_cn_euTous_name')]",
            "location": "northeurope",
            "dependsOn": [
                "[resourceId('Microsoft.Network/virtualNetworkGateways', parameters('virtualNetworkGateways_vgw_test_eastus2_name'))]"
            ],
            "properties": {
                "virtualNetworkGateway1": {
                    "id": "[parameters('virtualNetworkGateways_vgw_test_euro_externalid')]",
                    "properties": {}
                },
                "virtualNetworkGateway2": {
                    "id": "[resourceId('Microsoft.Network/virtualNetworkGateways', parameters('virtualNetworkGateways_vgw_test_eastus2_name'))]",
                    "properties": {}
                },
                "connectionType": "Vnet2Vnet",
                "connectionProtocol": "IKEv2",
                "routingWeight": 0,
                "enableBgp": false,
                "useLocalAzureIpAddress": false,
                "usePolicyBasedTrafficSelectors": false,
                "ipsecPolicies": [],
                "trafficSelectorPolicies": [],
                "tunnelProperties": [],
                "expressRouteGatewayBypass": false,
                "enablePrivateLinkFastPath": false,
                "dpdTimeoutSeconds": 45,
                "connectionMode": "Default",
                "gatewayCustomBgpIpAddresses": []
            }
        },
        {
            "type": "Microsoft.Network/connections",
            "apiVersion": "2024-07-01",
            "name": "[parameters('connections_cn_usToeu_name')]",
            "location": "eastus2",
            "dependsOn": [
                "[resourceId('Microsoft.Network/virtualNetworkGateways', parameters('virtualNetworkGateways_vgw_test_eastus2_name'))]"
            ],
            "properties": {
                "virtualNetworkGateway1": {
                    "id": "[resourceId('Microsoft.Network/virtualNetworkGateways', parameters('virtualNetworkGateways_vgw_test_eastus2_name'))]",
                    "properties": {}
                },
                "virtualNetworkGateway2": {
                    "id": "[parameters('virtualNetworkGateways_vgw_test_euro_externalid')]",
                    "properties": {}
                },
                "connectionType": "Vnet2Vnet",
                "connectionProtocol": "IKEv2",
                "routingWeight": 0,
                "enableBgp": false,
                "useLocalAzureIpAddress": false,
                "usePolicyBasedTrafficSelectors": false,
                "ipsecPolicies": [],
                "trafficSelectorPolicies": [],
                "tunnelProperties": [],
                "expressRouteGatewayBypass": false,
                "enablePrivateLinkFastPath": false,
                "dpdTimeoutSeconds": 45,
                "connectionMode": "Default",
                "gatewayCustomBgpIpAddresses": []
            }
        },
        {
            "type": "Microsoft.Network/networkInterfaces",
            "apiVersion": "2024-07-01",
            "name": "[parameters('networkInterfaces_vm_bastion234_name')]",
            "location": "koreacentral",
            "dependsOn": [
                "[resourceId('Microsoft.Network/virtualNetworks/subnets', parameters('virtualNetworks_vnet_01_name'), 'snet-mgmt')]"
            ],
            "kind": "Regular",
            "properties": {
                "ipConfigurations": [
                    {
                        "name": "ipconfig1",
                        "id": "[concat(resourceId('Microsoft.Network/networkInterfaces', parameters('networkInterfaces_vm_bastion234_name')), '/ipConfigurations/ipconfig1')]",
                        "type": "Microsoft.Network/networkInterfaces/ipConfigurations",
                        "properties": {
                            "privateIPAddress": "172.16.0.4",
                            "privateIPAllocationMethod": "Dynamic",
                            "subnet": {
                                "id": "[resourceId('Microsoft.Network/virtualNetworks/subnets', parameters('virtualNetworks_vnet_01_name'), 'snet-mgmt')]"
                            },
                            "primary": true,
                            "privateIPAddressVersion": "IPv4"
                        }
                    }
                ],
                "dnsSettings": {
                    "dnsServers": []
                },
                "enableAcceleratedNetworking": true,
                "enableIPForwarding": false,
                "disableTcpStateTracking": false,
                "nicType": "Standard",
                "auxiliaryMode": "None",
                "auxiliarySku": "None"
            }
        },
        {
            "type": "Microsoft.Network/networkSecurityGroups/securityRules",
            "apiVersion": "2024-07-01",
            "name": "[concat(parameters('networkSecurityGroups_test_vm01_nsg_name'), '/HTTP')]",
            "dependsOn": [
                "[resourceId('Microsoft.Network/networkSecurityGroups', parameters('networkSecurityGroups_test_vm01_nsg_name'))]"
            ],
            "properties": {
                "protocol": "TCP",
                "sourcePortRange": "*",
                "destinationPortRange": "80",
                "destinationAddressPrefix": "172.16.1.4",
                "access": "Allow",
                "priority": 320,
                "direction": "Inbound",
                "sourcePortRanges": [],
                "destinationPortRanges": [],
                "sourceAddressPrefixes": [
                    "1.223.214.165",
                    "20.249.114.19",
                    "172.205.96.113",
                    "68.220.242.160"
                ],
                "destinationAddressPrefixes": []
            }
        },
        {
            "type": "Microsoft.Network/networkSecurityGroups/securityRules",
            "apiVersion": "2024-07-01",
            "name": "[concat(parameters('networkSecurityGroups_vm_test02_nsg_name'), '/HTTP')]",
            "dependsOn": [
                "[resourceId('Microsoft.Network/networkSecurityGroups', parameters('networkSecurityGroups_vm_test02_nsg_name'))]"
            ],
            "properties": {
                "protocol": "TCP",
                "sourcePortRange": "*",
                "destinationPortRange": "80",
                "destinationAddressPrefix": "10.16.2.4",
                "access": "Allow",
                "priority": 320,
                "direction": "Inbound",
                "sourcePortRanges": [],
                "destinationPortRanges": [],
                "sourceAddressPrefixes": [
                    "1.223.214.165",
                    "20.249.114.19",
                    "172.205.96.113",
                    "68.220.242.160"
                ],
                "destinationAddressPrefixes": []
            }
        },
        {
            "type": "Microsoft.Network/networkSecurityGroups/securityRules",
            "apiVersion": "2024-07-01",
            "name": "[concat(parameters('networkSecurityGroups_test_vm01_nsg_name'), '/HTTPS')]",
            "dependsOn": [
                "[resourceId('Microsoft.Network/networkSecurityGroups', parameters('networkSecurityGroups_test_vm01_nsg_name'))]"
            ],
            "properties": {
                "protocol": "TCP",
                "sourcePortRange": "*",
                "destinationPortRange": "443",
                "destinationAddressPrefix": "172.16.1.4",
                "access": "Allow",
                "priority": 340,
                "direction": "Inbound",
                "sourcePortRanges": [],
                "destinationPortRanges": [],
                "sourceAddressPrefixes": [
                    "1.223.214.165",
                    "20.249.114.19",
                    "172.205.96.113",
                    "68.220.242.160"
                ],
                "destinationAddressPrefixes": []
            }
        },
        {
            "type": "Microsoft.Network/networkSecurityGroups/securityRules",
            "apiVersion": "2024-07-01",
            "name": "[concat(parameters('networkSecurityGroups_vm_test02_nsg_name'), '/HTTPS')]",
            "dependsOn": [
                "[resourceId('Microsoft.Network/networkSecurityGroups', parameters('networkSecurityGroups_vm_test02_nsg_name'))]"
            ],
            "properties": {
                "protocol": "TCP",
                "sourcePortRange": "*",
                "destinationPortRange": "443",
                "destinationAddressPrefix": "10.16.2.4",
                "access": "Allow",
                "priority": 340,
                "direction": "Inbound",
                "sourcePortRanges": [],
                "destinationPortRanges": [],
                "sourceAddressPrefixes": [
                    "1.223.214.165",
                    "20.249.114.19",
                    "172.205.96.113",
                    "68.220.242.160"
                ],
                "destinationAddressPrefixes": []
            }
        },
        {
            "type": "Microsoft.Network/privateDnsZones/A",
            "apiVersion": "2024-06-01",
            "name": "[concat(parameters('privateDnsZones_privatedns_local_name'), '/test-vm01')]",
            "dependsOn": [
                "[resourceId('Microsoft.Network/privateDnsZones', parameters('privateDnsZones_privatedns_local_name'))]"
            ],
            "properties": {
                "ttl": 10,
                "aRecords": [
                    {
                        "ipv4Address": "172.16.1.4"
                    }
                ]
            }
        },
        {
            "type": "Microsoft.Network/privateDnsZones/A",
            "apiVersion": "2024-06-01",
            "name": "[concat(parameters('privateDnsZones_privatedns_local_name'), '/test-vm03')]",
            "dependsOn": [
                "[resourceId('Microsoft.Network/privateDnsZones', parameters('privateDnsZones_privatedns_local_name'))]"
            ],
            "properties": {
                "ttl": 10,
                "aRecords": [
                    {
                        "ipv4Address": "192.168.3.4"
                    }
                ]
            }
        },
        {
            "type": "Microsoft.Network/privateDnsZones/A",
            "apiVersion": "2024-06-01",
            "name": "[concat(parameters('privateDnsZones_privatedns_local_name'), '/vm000000')]",
            "dependsOn": [
                "[resourceId('Microsoft.Network/privateDnsZones', parameters('privateDnsZones_privatedns_local_name'))]"
            ],
            "properties": {
                "ttl": 10,
                "aRecords": [
                    {
                        "ipv4Address": "172.16.2.4"
                    }
                ]
            }
        },
        {
            "type": "Microsoft.Network/privateDnsZones/A",
            "apiVersion": "2024-06-01",
            "name": "[concat(parameters('privateDnsZones_privatedns_local_name'), '/vm000001')]",
            "dependsOn": [
                "[resourceId('Microsoft.Network/privateDnsZones', parameters('privateDnsZones_privatedns_local_name'))]"
            ],
            "properties": {
                "ttl": 10,
                "aRecords": [
                    {
                        "ipv4Address": "172.16.2.5"
                    }
                ]
            }
        },
        {
            "type": "Microsoft.Network/privateDnsZones/A",
            "apiVersion": "2024-06-01",
            "name": "[concat(parameters('privateDnsZones_privatedns_local_name'), '/vm-bastion')]",
            "dependsOn": [
                "[resourceId('Microsoft.Network/privateDnsZones', parameters('privateDnsZones_privatedns_local_name'))]"
            ],
            "properties": {
                "ttl": 10,
                "aRecords": [
                    {
                        "ipv4Address": "172.16.0.4"
                    }
                ]
            }
        },
        {
            "type": "Microsoft.Network/privateDnsZones/A",
            "apiVersion": "2024-06-01",
            "name": "[concat(parameters('privateDnsZones_privatedns_local_name'), '/vm-test02')]",
            "dependsOn": [
                "[resourceId('Microsoft.Network/privateDnsZones', parameters('privateDnsZones_privatedns_local_name'))]"
            ],
            "properties": {
                "ttl": 10,
                "aRecords": [
                    {
                        "ipv4Address": "10.16.2.4"
                    }
                ]
            }
        },
        {
            "type": "Microsoft.Network/privateDnsZones/A",
            "apiVersion": "2024-06-01",
            "name": "[concat(parameters('privateDnsZones_privatedns_local_name'), '/vpngw000000')]",
            "dependsOn": [
                "[resourceId('Microsoft.Network/privateDnsZones', parameters('privateDnsZones_privatedns_local_name'))]"
            ],
            "properties": {
                "ttl": 10,
                "aRecords": [
                    {
                        "ipv4Address": "10.16.1.229"
                    }
                ]
            }
        },
        {
            "type": "Microsoft.Network/privateDnsZones/A",
            "apiVersion": "2024-06-01",
            "name": "[concat(parameters('privateDnsZones_privatedns_local_name'), '/vpngw000001')]",
            "dependsOn": [
                "[resourceId('Microsoft.Network/privateDnsZones', parameters('privateDnsZones_privatedns_local_name'))]"
            ],
            "properties": {
                "ttl": 10,
                "aRecords": [
                    {
                        "ipv4Address": "10.16.1.228"
                    }
                ]
            }
        },
        {
            "type": "Microsoft.Network/privateDnsZones/SOA",
            "apiVersion": "2024-06-01",
            "name": "[concat(parameters('privateDnsZones_privatedns_local_name'), '/@')]",
            "dependsOn": [
                "[resourceId('Microsoft.Network/privateDnsZones', parameters('privateDnsZones_privatedns_local_name'))]"
            ],
            "properties": {
                "ttl": 3600,
                "soaRecord": {
                    "email": "azureprivatedns-host.microsoft.com",
                    "expireTime": 2419200,
                    "host": "azureprivatedns.net",
                    "minimumTtl": 10,
                    "refreshTime": 3600,
                    "retryTime": 300,
                    "serialNumber": 1
                }
            }
        },
        {
            "type": "Microsoft.Network/privateDnsZones/virtualNetworkLinks",
            "apiVersion": "2024-06-01",
            "name": "[concat(parameters('privateDnsZones_privatedns_local_name'), '/lnk-vnet03')]",
            "location": "global",
            "dependsOn": [
                "[resourceId('Microsoft.Network/privateDnsZones', parameters('privateDnsZones_privatedns_local_name'))]"
            ],
            "properties": {
                "registrationEnabled": true,
                "virtualNetwork": {
                    "id": "[parameters('virtualNetworks_vnet_03_externalid')]"
                }
            }
        },
        {
            "type": "Microsoft.Network/virtualNetworks/subnets",
            "apiVersion": "2024-07-01",
            "name": "[concat(parameters('virtualNetworks_vnet_01_name'), '/AzureBastionSubnet')]",
            "dependsOn": [
                "[resourceId('Microsoft.Network/virtualNetworks', parameters('virtualNetworks_vnet_01_name'))]"
            ],
            "properties": {
                "addressPrefixes": [
                    "172.16.2.0/26"
                ],
                "delegations": [],
                "privateEndpointNetworkPolicies": "Disabled",
                "privateLinkServiceNetworkPolicies": "Enabled"
            }
        },
        {
            "type": "Microsoft.Network/virtualNetworks/subnets",
            "apiVersion": "2024-07-01",
            "name": "[concat(parameters('virtualNetworks_vnet_02_name'), '/GatewaySubnet')]",
            "dependsOn": [
                "[resourceId('Microsoft.Network/virtualNetworks', parameters('virtualNetworks_vnet_02_name'))]"
            ],
            "properties": {
                "addressPrefixes": [
                    "10.16.1.224/27"
                ],
                "delegations": [],
                "privateEndpointNetworkPolicies": "Disabled",
                "privateLinkServiceNetworkPolicies": "Enabled"
            }
        },
        {
            "type": "Microsoft.Network/virtualNetworks/subnets",
            "apiVersion": "2024-07-01",
            "name": "[concat(parameters('virtualNetworks_vnet_01_name'), '/snet-mgmt')]",
            "dependsOn": [
                "[resourceId('Microsoft.Network/virtualNetworks', parameters('virtualNetworks_vnet_01_name'))]"
            ],
            "properties": {
                "addressPrefixes": [
                    "172.16.0.0/24"
                ],
                "delegations": [],
                "privateEndpointNetworkPolicies": "Disabled",
                "privateLinkServiceNetworkPolicies": "Enabled"
            }
        },
        {
            "type": "Microsoft.Network/bastionHosts",
            "apiVersion": "2024-07-01",
            "name": "[parameters('bastionHosts_vm_bastion_name')]",
            "location": "koreacentral",
            "dependsOn": [
                "[resourceId('Microsoft.Network/publicIPAddresses', parameters('publicIPAddresses_vnet_01_ip_name'))]",
                "[resourceId('Microsoft.Network/virtualNetworks/subnets', parameters('virtualNetworks_vnet_01_name'), 'AzureBastionSubnet')]"
            ],
            "sku": {
                "name": "Standard"
            },
            "zones": [
                "1",
                "2",
                "3"
            ],
            "properties": {
                "dnsName": "bst-63491943-fc71-44da-9063-0da76ded237d.bastion.azure.com",
                "scaleUnits": 2,
                "enableTunneling": true,
                "enableIpConnect": false,
                "disableCopyPaste": false,
                "enableShareableLink": false,
                "enableKerberos": false,
                "enableSessionRecording": false,
                "enablePrivateOnlyBastion": false,
                "ipConfigurations": [
                    {
                        "name": "IpConf",
                        "id": "[concat(resourceId('Microsoft.Network/bastionHosts', parameters('bastionHosts_vm_bastion_name')), '/bastionHostIpConfigurations/IpConf')]",
                        "properties": {
                            "privateIPAllocationMethod": "Dynamic",
                            "publicIPAddress": {
                                "id": "[resourceId('Microsoft.Network/publicIPAddresses', parameters('publicIPAddresses_vnet_01_ip_name'))]"
                            },
                            "subnet": {
                                "id": "[resourceId('Microsoft.Network/virtualNetworks/subnets', parameters('virtualNetworks_vnet_01_name'), 'AzureBastionSubnet')]"
                            }
                        }
                    }
                ]
            }
        },
        {
            "type": "Microsoft.Network/networkInterfaces",
            "apiVersion": "2024-07-01",
            "name": "[parameters('networkInterfaces_test_vm0179_name')]",
            "location": "koreacentral",
            "dependsOn": [
                "[resourceId('Microsoft.Network/publicIPAddresses', parameters('publicIPAddresses_pip_test_vm01_name'))]",
                "[resourceId('Microsoft.Network/virtualNetworks/subnets', parameters('virtualNetworks_vnet_01_name'), 'default')]"
            ],
            "kind": "Regular",
            "properties": {
                "ipConfigurations": [
                    {
                        "name": "ipconfig1",
                        "id": "[concat(resourceId('Microsoft.Network/networkInterfaces', parameters('networkInterfaces_test_vm0179_name')), '/ipConfigurations/ipconfig1')]",
                        "type": "Microsoft.Network/networkInterfaces/ipConfigurations",
                        "properties": {
                            "privateIPAddress": "172.16.1.4",
                            "privateIPAllocationMethod": "Dynamic",
                            "publicIPAddress": {
                                "id": "[resourceId('Microsoft.Network/publicIPAddresses', parameters('publicIPAddresses_pip_test_vm01_name'))]",
                                "properties": {
                                    "deleteOption": "Delete"
                                }
                            },
                            "subnet": {
                                "id": "[resourceId('Microsoft.Network/virtualNetworks/subnets', parameters('virtualNetworks_vnet_01_name'), 'default')]"
                            },
                            "primary": true,
                            "privateIPAddressVersion": "IPv4"
                        }
                    }
                ],
                "dnsSettings": {
                    "dnsServers": []
                },
                "enableAcceleratedNetworking": true,
                "enableIPForwarding": false,
                "disableTcpStateTracking": false,
                "nicType": "Standard",
                "auxiliaryMode": "None",
                "auxiliarySku": "None"
            }
        },
        {
            "type": "Microsoft.Network/networkInterfaces",
            "apiVersion": "2024-07-01",
            "name": "[parameters('networkInterfaces_vm_test02447_name')]",
            "location": "eastus2",
            "dependsOn": [
                "[resourceId('Microsoft.Network/publicIPAddresses', parameters('publicIPAddresses_pip_vm_test02_name'))]",
                "[resourceId('Microsoft.Network/virtualNetworks/subnets', parameters('virtualNetworks_vnet_02_name'), 'default')]"
            ],
            "kind": "Regular",
            "properties": {
                "ipConfigurations": [
                    {
                        "name": "ipconfig1",
                        "id": "[concat(resourceId('Microsoft.Network/networkInterfaces', parameters('networkInterfaces_vm_test02447_name')), '/ipConfigurations/ipconfig1')]",
                        "type": "Microsoft.Network/networkInterfaces/ipConfigurations",
                        "properties": {
                            "privateIPAddress": "10.16.2.4",
                            "privateIPAllocationMethod": "Dynamic",
                            "publicIPAddress": {
                                "id": "[resourceId('Microsoft.Network/publicIPAddresses', parameters('publicIPAddresses_pip_vm_test02_name'))]",
                                "properties": {
                                    "deleteOption": "Delete"
                                }
                            },
                            "subnet": {
                                "id": "[resourceId('Microsoft.Network/virtualNetworks/subnets', parameters('virtualNetworks_vnet_02_name'), 'default')]"
                            },
                            "primary": true,
                            "privateIPAddressVersion": "IPv4"
                        }
                    }
                ],
                "dnsSettings": {
                    "dnsServers": []
                },
                "enableAcceleratedNetworking": true,
                "enableIPForwarding": false,
                "disableTcpStateTracking": false,
                "nicType": "Standard",
                "auxiliaryMode": "None",
                "auxiliarySku": "None"
            }
        },
        {
            "type": "Microsoft.Network/privateDnsZones/virtualNetworkLinks",
            "apiVersion": "2024-06-01",
            "name": "[concat(parameters('privateDnsZones_privatedns_local_name'), '/lnk-vnet01')]",
            "location": "global",
            "dependsOn": [
                "[resourceId('Microsoft.Network/privateDnsZones', parameters('privateDnsZones_privatedns_local_name'))]",
                "[resourceId('Microsoft.Network/virtualNetworks', parameters('virtualNetworks_vnet_01_name'))]"
            ],
            "properties": {
                "registrationEnabled": true,
                "virtualNetwork": {
                    "id": "[resourceId('Microsoft.Network/virtualNetworks', parameters('virtualNetworks_vnet_01_name'))]"
                }
            }
        },
        {
            "type": "Microsoft.Network/privateDnsZones/virtualNetworkLinks",
            "apiVersion": "2024-06-01",
            "name": "[concat(parameters('privateDnsZones_privatedns_local_name'), '/lnk-vnet02')]",
            "location": "global",
            "dependsOn": [
                "[resourceId('Microsoft.Network/privateDnsZones', parameters('privateDnsZones_privatedns_local_name'))]",
                "[resourceId('Microsoft.Network/virtualNetworks', parameters('virtualNetworks_vnet_02_name'))]"
            ],
            "properties": {
                "registrationEnabled": true,
                "virtualNetwork": {
                    "id": "[resourceId('Microsoft.Network/virtualNetworks', parameters('virtualNetworks_vnet_02_name'))]"
                }
            }
        },
        {
            "type": "Microsoft.Network/trafficManagerProfiles",
            "apiVersion": "2024-04-01-preview",
            "name": "[parameters('trafficManagerProfiles_traf_testmk_name')]",
            "location": "global",
            "dependsOn": [
                "[resourceId('Microsoft.Network/publicIPAddresses', parameters('publicIPAddresses_pip_vm_test02_name'))]",
                "[resourceId('Microsoft.Network/publicIPAddresses', parameters('publicIPAddresses_pip_test_vm01_name'))]"
            ],
            "properties": {
                "profileStatus": "Enabled",
                "trafficRoutingMethod": "Priority",
                "dnsConfig": {
                    "relativeName": "[parameters('trafficManagerProfiles_traf_testmk_name')]",
                    "ttl": 60
                },
                "monitorConfig": {
                    "profileMonitorStatus": "Degraded",
                    "protocol": "HTTP",
                    "port": 80,
                    "path": "/",
                    "intervalInSeconds": 30,
                    "toleratedNumberOfFailures": 3,
                    "timeoutInSeconds": 10
                },
                "endpoints": [
                    {
                        "id": "[concat(resourceId('Microsoft.Network/trafficManagerProfiles', parameters('trafficManagerProfiles_traf_testmk_name')), '/azureEndpoints/test02')]",
                        "name": "test02",
                        "type": "Microsoft.Network/trafficManagerProfiles/azureEndpoints",
                        "properties": {
                            "endpointStatus": "Enabled",
                            "endpointMonitorStatus": "Degraded",
                            "targetResourceId": "[resourceId('Microsoft.Network/publicIPAddresses', parameters('publicIPAddresses_pip_vm_test02_name'))]",
                            "target": "testmk02.eastus2.cloudapp.azure.com",
                            "weight": 1,
                            "priority": 1,
                            "endpointLocation": "East US 2",
                            "alwaysServe": "Disabled"
                        }
                    },
                    {
                        "id": "[concat(resourceId('Microsoft.Network/trafficManagerProfiles', parameters('trafficManagerProfiles_traf_testmk_name')), '/azureEndpoints/test01')]",
                        "name": "test01",
                        "type": "Microsoft.Network/trafficManagerProfiles/azureEndpoints",
                        "properties": {
                            "endpointStatus": "Enabled",
                            "endpointMonitorStatus": "Degraded",
                            "targetResourceId": "[resourceId('Microsoft.Network/publicIPAddresses', parameters('publicIPAddresses_pip_test_vm01_name'))]",
                            "target": "testmk01.koreacentral.cloudapp.azure.com",
                            "weight": 1,
                            "priority": 2,
                            "endpointLocation": "Korea Central",
                            "alwaysServe": "Disabled"
                        }
                    }
                ],
                "trafficViewEnrollmentStatus": "Disabled",
                "maxReturn": 0
            }
        },
        {
            "type": "Microsoft.Network/virtualNetworkGateways",
            "apiVersion": "2024-07-01",
            "name": "[parameters('virtualNetworkGateways_vgw_test_eastus2_name')]",
            "location": "eastus2",
            "dependsOn": [
                "[resourceId('Microsoft.Network/publicIPAddresses', parameters('publicIPAddresses_pip_vgw_eastus01_name'))]",
                "[resourceId('Microsoft.Network/virtualNetworks/subnets', parameters('virtualNetworks_vnet_02_name'), 'GatewaySubnet')]"
            ],
            "properties": {
                "enablePrivateIpAddress": false,
                "virtualNetworkGatewayMigrationStatus": {
                    "state": "None",
                    "phase": "None"
                },
                "ipConfigurations": [
                    {
                        "name": "default",
                        "id": "[concat(resourceId('Microsoft.Network/virtualNetworkGateways', parameters('virtualNetworkGateways_vgw_test_eastus2_name')), '/ipConfigurations/default')]",
                        "properties": {
                            "privateIPAllocationMethod": "Dynamic",
                            "publicIPAddress": {
                                "id": "[resourceId('Microsoft.Network/publicIPAddresses', parameters('publicIPAddresses_pip_vgw_eastus01_name'))]"
                            },
                            "subnet": {
                                "id": "[resourceId('Microsoft.Network/virtualNetworks/subnets', parameters('virtualNetworks_vnet_02_name'), 'GatewaySubnet')]"
                            }
                        }
                    }
                ],
                "natRules": [],
                "virtualNetworkGatewayPolicyGroups": [],
                "enableBgpRouteTranslationForNat": false,
                "disableIPSecReplayProtection": false,
                "sku": {
                    "name": "VpnGw2AZ",
                    "tier": "VpnGw2AZ"
                },
                "gatewayType": "Vpn",
                "vpnType": "RouteBased",
                "enableBgp": true,
                "enableHighBandwidthVpnGateway": false,
                "activeActive": false,
                "bgpSettings": {
                    "asn": 65515,
                    "bgpPeeringAddress": "10.16.1.254",
                    "peerWeight": 0,
                    "bgpPeeringAddresses": [
                        {
                            "ipconfigurationId": "[concat(resourceId('Microsoft.Network/virtualNetworkGateways', parameters('virtualNetworkGateways_vgw_test_eastus2_name')), '/ipConfigurations/default')]",
                            "customBgpIpAddresses": []
                        }
                    ]
                },
                "vpnGatewayGeneration": "Generation2",
                "allowRemoteVnetTraffic": false,
                "allowVirtualWanTraffic": false
            }
        },
        {
            "type": "Microsoft.Network/virtualNetworks",
            "apiVersion": "2024-07-01",
            "name": "[parameters('virtualNetworks_vnet_01_name')]",
            "location": "koreacentral",
            "dependsOn": [
                "[resourceId('Microsoft.Network/networkSecurityGroups', parameters('networkSecurityGroups_test_vm01_nsg_name'))]",
                "[resourceId('Microsoft.Network/virtualNetworks', parameters('virtualNetworks_vnet_02_name'))]"
            ],
            "properties": {
                "addressSpace": {
                    "addressPrefixes": [
                        "172.16.0.0/16"
                    ]
                },
                "encryption": {
                    "enabled": false,
                    "enforcement": "AllowUnencrypted"
                },
                "privateEndpointVNetPolicies": "Disabled",
                "subnets": [
                    {
                        "name": "default",
                        "id": "[resourceId('Microsoft.Network/virtualNetworks/subnets', parameters('virtualNetworks_vnet_01_name'), 'default')]",
                        "properties": {
                            "addressPrefixes": [
                                "172.16.1.0/24"
                            ],
                            "networkSecurityGroup": {
                                "id": "[resourceId('Microsoft.Network/networkSecurityGroups', parameters('networkSecurityGroups_test_vm01_nsg_name'))]"
                            },
                            "delegations": [],
                            "privateEndpointNetworkPolicies": "Disabled",
                            "privateLinkServiceNetworkPolicies": "Enabled"
                        },
                        "type": "Microsoft.Network/virtualNetworks/subnets"
                    },
                    {
                        "name": "snet-mgmt",
                        "id": "[resourceId('Microsoft.Network/virtualNetworks/subnets', parameters('virtualNetworks_vnet_01_name'), 'snet-mgmt')]",
                        "properties": {
                            "addressPrefixes": [
                                "172.16.0.0/24"
                            ],
                            "delegations": [],
                            "privateEndpointNetworkPolicies": "Disabled",
                            "privateLinkServiceNetworkPolicies": "Enabled"
                        },
                        "type": "Microsoft.Network/virtualNetworks/subnets"
                    },
                    {
                        "name": "AzureBastionSubnet",
                        "id": "[resourceId('Microsoft.Network/virtualNetworks/subnets', parameters('virtualNetworks_vnet_01_name'), 'AzureBastionSubnet')]",
                        "properties": {
                            "addressPrefixes": [
                                "172.16.2.0/26"
                            ],
                            "delegations": [],
                            "privateEndpointNetworkPolicies": "Disabled",
                            "privateLinkServiceNetworkPolicies": "Enabled"
                        },
                        "type": "Microsoft.Network/virtualNetworks/subnets"
                    }
                ],
                "virtualNetworkPeerings": [
                    {
                        "name": "peer-from-vnet01",
                        "id": "[resourceId('Microsoft.Network/virtualNetworks/virtualNetworkPeerings', parameters('virtualNetworks_vnet_01_name'), 'peer-from-vnet01')]",
                        "properties": {
                            "peeringState": "Connected",
                            "peeringSyncLevel": "FullyInSync",
                            "remoteVirtualNetwork": {
                                "id": "[resourceId('Microsoft.Network/virtualNetworks', parameters('virtualNetworks_vnet_02_name'))]"
                            },
                            "allowVirtualNetworkAccess": true,
                            "allowForwardedTraffic": true,
                            "allowGatewayTransit": false,
                            "useRemoteGateways": true,
                            "doNotVerifyRemoteGateways": false,
                            "peerCompleteVnets": true,
                            "remoteAddressSpace": {
                                "addressPrefixes": [
                                    "10.16.0.0/16"
                                ]
                            },
                            "remoteVirtualNetworkAddressSpace": {
                                "addressPrefixes": [
                                    "10.16.0.0/16"
                                ]
                            }
                        },
                        "type": "Microsoft.Network/virtualNetworks/virtualNetworkPeerings"
                    }
                ],
                "enableDdosProtection": false
            }
        },
        {
            "type": "Microsoft.Network/virtualNetworks",
            "apiVersion": "2024-07-01",
            "name": "[parameters('virtualNetworks_vnet_02_name')]",
            "location": "eastus2",
            "dependsOn": [
                "[resourceId('Microsoft.Network/networkSecurityGroups', parameters('networkSecurityGroups_vm_test02_nsg_name'))]",
                "[resourceId('Microsoft.Network/virtualNetworks', parameters('virtualNetworks_vnet_01_name'))]"
            ],
            "properties": {
                "addressSpace": {
                    "addressPrefixes": [
                        "10.16.0.0/16"
                    ]
                },
                "encryption": {
                    "enabled": false,
                    "enforcement": "AllowUnencrypted"
                },
                "privateEndpointVNetPolicies": "Disabled",
                "subnets": [
                    {
                        "name": "GatewaySubnet",
                        "id": "[resourceId('Microsoft.Network/virtualNetworks/subnets', parameters('virtualNetworks_vnet_02_name'), 'GatewaySubnet')]",
                        "properties": {
                            "addressPrefixes": [
                                "10.16.1.224/27"
                            ],
                            "delegations": [],
                            "privateEndpointNetworkPolicies": "Disabled",
                            "privateLinkServiceNetworkPolicies": "Enabled"
                        },
                        "type": "Microsoft.Network/virtualNetworks/subnets"
                    },
                    {
                        "name": "default",
                        "id": "[resourceId('Microsoft.Network/virtualNetworks/subnets', parameters('virtualNetworks_vnet_02_name'), 'default')]",
                        "properties": {
                            "addressPrefixes": [
                                "10.16.2.0/24"
                            ],
                            "networkSecurityGroup": {
                                "id": "[resourceId('Microsoft.Network/networkSecurityGroups', parameters('networkSecurityGroups_vm_test02_nsg_name'))]"
                            },
                            "delegations": [],
                            "privateEndpointNetworkPolicies": "Disabled",
                            "privateLinkServiceNetworkPolicies": "Enabled"
                        },
                        "type": "Microsoft.Network/virtualNetworks/subnets"
                    }
                ],
                "virtualNetworkPeerings": [
                    {
                        "name": "peer-from-vnet02",
                        "id": "[resourceId('Microsoft.Network/virtualNetworks/virtualNetworkPeerings', parameters('virtualNetworks_vnet_02_name'), 'peer-from-vnet02')]",
                        "properties": {
                            "peeringState": "Connected",
                            "peeringSyncLevel": "FullyInSync",
                            "remoteVirtualNetwork": {
                                "id": "[resourceId('Microsoft.Network/virtualNetworks', parameters('virtualNetworks_vnet_01_name'))]"
                            },
                            "allowVirtualNetworkAccess": true,
                            "allowForwardedTraffic": true,
                            "allowGatewayTransit": true,
                            "useRemoteGateways": false,
                            "doNotVerifyRemoteGateways": false,
                            "peerCompleteVnets": true,
                            "remoteAddressSpace": {
                                "addressPrefixes": [
                                    "172.16.0.0/16"
                                ]
                            },
                            "remoteVirtualNetworkAddressSpace": {
                                "addressPrefixes": [
                                    "172.16.0.0/16"
                                ]
                            }
                        },
                        "type": "Microsoft.Network/virtualNetworks/virtualNetworkPeerings"
                    }
                ],
                "enableDdosProtection": false
            }
        },
        {
            "type": "Microsoft.Network/virtualNetworks/subnets",
            "apiVersion": "2024-07-01",
            "name": "[concat(parameters('virtualNetworks_vnet_01_name'), '/default')]",
            "dependsOn": [
                "[resourceId('Microsoft.Network/virtualNetworks', parameters('virtualNetworks_vnet_01_name'))]",
                "[resourceId('Microsoft.Network/networkSecurityGroups', parameters('networkSecurityGroups_test_vm01_nsg_name'))]"
            ],
            "properties": {
                "addressPrefixes": [
                    "172.16.1.0/24"
                ],
                "networkSecurityGroup": {
                    "id": "[resourceId('Microsoft.Network/networkSecurityGroups', parameters('networkSecurityGroups_test_vm01_nsg_name'))]"
                },
                "delegations": [],
                "privateEndpointNetworkPolicies": "Disabled",
                "privateLinkServiceNetworkPolicies": "Enabled"
            }
        },
        {
            "type": "Microsoft.Network/virtualNetworks/subnets",
            "apiVersion": "2024-07-01",
            "name": "[concat(parameters('virtualNetworks_vnet_02_name'), '/default')]",
            "dependsOn": [
                "[resourceId('Microsoft.Network/virtualNetworks', parameters('virtualNetworks_vnet_02_name'))]",
                "[resourceId('Microsoft.Network/networkSecurityGroups', parameters('networkSecurityGroups_vm_test02_nsg_name'))]"
            ],
            "properties": {
                "addressPrefixes": [
                    "10.16.2.0/24"
                ],
                "networkSecurityGroup": {
                    "id": "[resourceId('Microsoft.Network/networkSecurityGroups', parameters('networkSecurityGroups_vm_test02_nsg_name'))]"
                },
                "delegations": [],
                "privateEndpointNetworkPolicies": "Disabled",
                "privateLinkServiceNetworkPolicies": "Enabled"
            }
        },
        {
            "type": "Microsoft.Network/virtualNetworks/virtualNetworkPeerings",
            "apiVersion": "2024-07-01",
            "name": "[concat(parameters('virtualNetworks_vnet_01_name'), '/peer-from-vnet01')]",
            "dependsOn": [
                "[resourceId('Microsoft.Network/virtualNetworks', parameters('virtualNetworks_vnet_01_name'))]",
                "[resourceId('Microsoft.Network/virtualNetworks', parameters('virtualNetworks_vnet_02_name'))]"
            ],
            "properties": {
                "peeringState": "Connected",
                "peeringSyncLevel": "FullyInSync",
                "remoteVirtualNetwork": {
                    "id": "[resourceId('Microsoft.Network/virtualNetworks', parameters('virtualNetworks_vnet_02_name'))]"
                },
                "allowVirtualNetworkAccess": true,
                "allowForwardedTraffic": true,
                "allowGatewayTransit": false,
                "useRemoteGateways": true,
                "doNotVerifyRemoteGateways": false,
                "peerCompleteVnets": true,
                "remoteAddressSpace": {
                    "addressPrefixes": [
                        "10.16.0.0/16"
                    ]
                },
                "remoteVirtualNetworkAddressSpace": {
                    "addressPrefixes": [
                        "10.16.0.0/16"
                    ]
                }
            }
        },
        {
            "type": "Microsoft.Network/virtualNetworks/virtualNetworkPeerings",
            "apiVersion": "2024-07-01",
            "name": "[concat(parameters('virtualNetworks_vnet_02_name'), '/peer-from-vnet02')]",
            "dependsOn": [
                "[resourceId('Microsoft.Network/virtualNetworks', parameters('virtualNetworks_vnet_02_name'))]",
                "[resourceId('Microsoft.Network/virtualNetworks', parameters('virtualNetworks_vnet_01_name'))]"
            ],
            "properties": {
                "peeringState": "Connected",
                "peeringSyncLevel": "FullyInSync",
                "remoteVirtualNetwork": {
                    "id": "[resourceId('Microsoft.Network/virtualNetworks', parameters('virtualNetworks_vnet_01_name'))]"
                },
                "allowVirtualNetworkAccess": true,
                "allowForwardedTraffic": true,
                "allowGatewayTransit": true,
                "useRemoteGateways": false,
                "doNotVerifyRemoteGateways": false,
                "peerCompleteVnets": true,
                "remoteAddressSpace": {
                    "addressPrefixes": [
                        "172.16.0.0/16"
                    ]
                },
                "remoteVirtualNetworkAddressSpace": {
                    "addressPrefixes": [
                        "172.16.0.0/16"
                    ]
                }
            }
        }
    ]
}