{
    "$schema": "http://schema.management.azure.com/schemas/2015-01-01/deploymentTemplate.json#",
    "contentVersion": "1.0.0.0",
    "parameters": {
        "location": {
            "type": "String"
        },
        "networkInterfaceName": {
            "type": "String"
        },
        "enableAcceleratedNetworking": {
            "type": "Bool"
        },
        "subnetName": {
            "type": "String"
        },
        "virtualNetworkId": {
            "type": "String"
        },
        "virtualMachineName": {
            "type": "String"
        },
        "virtualMachineComputerName": {
            "type": "String"
        },
        "virtualMachineRG": {
            "type": "String"
        },
        "osDiskType": {
            "type": "String"
        },
        "osDiskDeleteOption": {
            "type": "String"
        },
        "virtualMachineSize": {
            "type": "String"
        },
        "nicDeleteOption": {
            "type": "String"
        },
        "hibernationEnabled": {
            "type": "Bool"
        },
        "adminUsername": {
            "type": "String"
        },
        "adminPassword": {
            "type": "SecureString"
        },
        "patchMode": {
            "type": "String"
        },
        "enablePeriodicAssessment": {
            "type": "String"
        },
        "enableHotpatching": {
            "type": "Bool"
        },
        "securityType": {
            "type": "String"
        },
        "secureBoot": {
            "type": "Bool"
        },
        "vTPM": {
            "type": "Bool"
        }
    },
    "variables": {
        "vnetId": "[parameters('virtualNetworkId')]",
        "vnetName": "[last(split(variables('vnetId'), '/'))]",
        "subnetRef": "[concat(variables('vnetId'), '/subnets/', parameters('subnetName'))]"
    },
    "resources": [
        {
            "type": "Microsoft.Network/networkInterfaces",
            "apiVersion": "2022-11-01",
            "name": "[parameters('networkInterfaceName')]",
            "location": "[parameters('location')]",
            "dependsOn": [],
            "properties": {
                "ipConfigurations": [
                    {
                        "name": "ipconfig1",
                        "properties": {
                            "subnet": {
                                "id": "[variables('subnetRef')]"
                            },
                            "privateIPAllocationMethod": "Dynamic"
                        }
                    }
                ],
                "enableAcceleratedNetworking": "[parameters('enableAcceleratedNetworking')]"
            }
        },
        {
            "type": "Microsoft.Compute/virtualMachines",
            "apiVersion": "2024-03-01",
            "name": "[parameters('virtualMachineName')]",
            "location": "[parameters('location')]",
            "dependsOn": [
                "[concat('Microsoft.Network/networkInterfaces/', parameters('networkInterfaceName'))]"
            ],
            "properties": {
                "hardwareProfile": {
                    "vmSize": "[parameters('virtualMachineSize')]"
                },
                "storageProfile": {
                    "osDisk": {
                        "createOption": "fromImage",
                        "managedDisk": {
                            "storageAccountType": "[parameters('osDiskType')]"
                        },
                        "deleteOption": "[parameters('osDiskDeleteOption')]"
                    },
                    "imageReference": {
                        "publisher": "microsoftwindowsdesktop",
                        "offer": "windows-11",
                        "sku": "win11-24h2-pro",
                        "version": "latest"
                    }
                },
                "networkProfile": {
                    "networkInterfaces": [
                        {
                            "id": "[resourceId('Microsoft.Network/networkInterfaces', parameters('networkInterfaceName'))]",
                            "properties": {
                                "deleteOption": "[parameters('nicDeleteOption')]"
                            }
                        }
                    ]
                },
                "securityProfile": {
                    "securityType": "[parameters('securityType')]",
                    "uefiSettings": {
                        "secureBootEnabled": "[parameters('secureBoot')]",
                        "vTpmEnabled": "[parameters('vTPM')]"
                    }
                },
                "additionalCapabilities": {
                    "hibernationEnabled": false
                },
                "osProfile": {
                    "computerName": "[parameters('virtualMachineComputerName')]",
                    "adminUsername": "[parameters('adminUsername')]",
                    "adminPassword": "[parameters('adminPassword')]",
                    "windowsConfiguration": {
                        "enableAutomaticUpdates": true,
                        "provisionVmAgent": true,
                        "patchSettings": {
                            "patchMode": "[parameters('patchMode')]",
                            "assessmentMode": "[parameters('enablePeriodicAssessment')]",
                            "enableHotpatching": "[parameters('enableHotpatching')]"
                        }
                    }
                },
                "licenseType": "Windows_Client",
                "diagnosticsProfile": {
                    "bootDiagnostics": {
                        "enabled": true
                    }
                }
            }
        },
        {
            "type": "Microsoft.Resources/deployments",
            "apiVersion": "2015-01-01",
            "name": "microsoft.antimalware-windowsundefined",
            "dependsOn": [
                "[concat('Microsoft.Compute/virtualMachines/', parameters('virtualMachineName'))]"
            ],
            "properties": {
                "mode": "incremental",
                "templateLink": {
                    "uri": "https://catalogartifact.azureedge.net/publicartifactsmigration/microsoft.antimalware-windows-arm.1.0.2/Artifacts/MainTemplate.json"
                },
                "parameters": {
                    "RealtimeProtectionEnabled": {
                        "value": "true"
                    },
                    "ScheduledScanSettingsIsEnabled": {
                        "value": "false"
                    },
                    "ScheduledScanSettingsScanType": {
                        "value": "Quick"
                    },
                    "ScheduledScanSettingsDay": {
                        "value": "7"
                    },
                    "ScheduledScanSettingsTime": {
                        "value": "120"
                    },
                    "vmName": {
                        "value": "[parameters('virtualMachineName')]"
                    },
                    "location": {
                        "value": "koreacentral"
                    }
                }
            }
        }
    ],
    "outputs": {
        "adminUsername": {
            "type": "String",
            "value": "[parameters('adminUsername')]"
        }
    }
}